timestamp,pos_x,pos_y,pos_z,quat_w,quat_x,quat_y,quat_z
1780041000.000000,0.040036,0.103238,0.029777,0.134500,0.842130,0.522232,-0.000000
1780041000.306686,0.039921,0.104141,0.029634,0.143505,0.851160,0.504909,-0.000000
1780041000.613371,0.039780,0.104786,0.029553,0.150080,0.856387,0.494041,-0.000000
1780041000.920057,0.039631,0.105417,0.029456,0.156585,0.860828,0.484207,-0.000000
1780041001.226743,0.039487,0.106021,0.029293,0.162985,0.864596,0.475299,-0.000000
1780041001.533429,0.039352,0.106602,0.029056,0.169379,0.867850,0.467062,-0.000000
1780041001.840114,0.039218,0.107177,0.028795,0.178086,0.884545,0.431122,-0.000000
1780041002.146800,0.039091,0.107745,0.028513,0.187726,0.901156,0.390739,-0.000000
1780041002.453486,0.038984,0.108267,0.028120,0.197897,0.914565,0.352715,-0.000000
1780041002.760171,0.038890,0.108789,0.027702,0.208527,0.925165,0.317153,-0.000000
1780041003.066857,0.038811,0.109320,0.027264,0.219643,0.933397,0.283773,-0.000000
1780041003.373543,0.038753,0.109833,0.026765,0.230706,0.940645,0.248922,-0.000000
1780041003.680228,0.038720,0.110351,0.026214,0.241381,0.947760,0.208534,-0.000000
1780041003.986914,0.038714,0.110900,0.025649,0.252821,0.952526,0.169636,-0.000000
1780041004.293600,0.038739,0.111475,0.025065,0.265023,0.955118,0.132331,-0.000000
1780041004.600286,0.038799,0.112037,0.024412,0.278109,0.955705,0.096347,-0.000000
1780041004.906971,0.038903,0.112630,0.023745,0.290437,0.955296,0.055273,-0.000000
1780041005.213657,0.039043,0.113257,0.023062,0.303273,0.952804,0.013806,-0.000000
1780041005.520343,0.039210,0.113872,0.022320,0.317011,0.948065,-0.025997,0.000000
1780041005.827029,0.039404,0.114490,0.021539,0.331563,0.941273,-0.063805,0.000000
1780041006.133714,0.039609,0.115112,0.020733,0.344905,0.931911,-0.112175,0.000000
1780041006.440400,0.039800,0.115729,0.019884,0.359131,0.919780,-0.158208,0.000000
1780041006.747086,0.039948,0.116327,0.018992,0.374073,0.905346,-0.201039,0.000000
1780041007.053771,0.040047,0.116909,0.018134,0.388078,0.888640,-0.244367,0.000000
1780041007.360457,0.040092,0.117537,0.017265,0.402393,0.868110,-0.290629,0.000000
1780041007.667143,0.040060,0.118160,0.016408,0.417101,0.845920,-0.332334,0.000000
1780041007.973829,0.039991,0.118800,0.015619,0.431679,0.822918,-0.369404,0.000000
1780041008.280514,0.039878,0.119438,0.014916,0.446577,0.788898,-0.422147,0.000000
1780041008.587200,0.039737,0.120107,0.014226,0.462671,0.751628,-0.470097,0.000000
1780041008.893886,0.039592,0.120776,0.013604,0.478699,0.714457,-0.510294,0.000000
1780041009.200572,0.039464,0.121412,0.013048,0.494110,0.678437,-0.543671,0.000000
1780041009.507257,0.039325,0.121986,0.012551,0.509984,0.635682,-0.579504,0.000000
1780041009.813943,0.039165,0.122520,0.012049,0.526024,0.593003,-0.609628,0.000000
1780041010.120629,0.039008,0.122985,0.011573,0.541052,0.553650,-0.633036,0.000000
1780041010.427314,0.038848,0.123376,0.011117,0.554869,0.518012,-0.650987,0.000000
1780041010.734000,0.038625,0.123689,0.010686,0.567802,0.485242,-0.664937,0.000000
1780041011.040686,0.038387,0.123917,0.010279,0.580533,0.452209,-0.677118,0.000000
1780041011.347371,0.038140,0.124087,0.009871,0.593491,0.418018,-0.687772,0.000000
1780041011.654057,0.037842,0.124203,0.009475,0.606668,0.383713,-0.696217,0.000000
1780041011.960743,0.037512,0.124264,0.009084,0.620063,0.349300,-0.702504,0.000000
1780041012.267429,0.037177,0.124280,0.008686,0.633591,0.314982,-0.706646,0.000000
1780041012.574114,0.036818,0.124265,0.008284,0.647457,0.280232,-0.708709,0.000000
1780041012.880800,0.036405,0.124235,0.007890,0.661928,0.244564,-0.708548,0.000000
1780041013.187486,0.035994,0.124197,0.007468,0.676399,0.210807,-0.705723,0.000000
1780041013.494171,0.035588,0.124169,0.007014,0.691113,0.176936,-0.700754,0.000000
1780041013.800857,0.035119,0.124176,0.006568,0.706553,0.141705,-0.693327,0.000000
1780041014.107543,0.034660,0.124224,0.006083,0.722210,0.106250,-0.683464,0.000000
1780041014.414229,0.034214,0.124330,0.005550,0.738103,0.070485,-0.670996,0.000000
1780041014.720914,0.033740,0.124511,0.005005,0.753798,0.036970,-0.656065,0.000000
1780041015.027600,0.033261,0.124782,0.004429,0.767387,0.014076,-0.641030,0.000000
1780041015.334286,0.032813,0.125153,0.003796,0.781633,-0.009956,-0.623659,0.000000
1780041015.640971,0.032393,0.125634,0.003113,0.796539,-0.035025,-0.603572,0.000000
1780041015.947657,0.031972,0.126226,0.002429,0.811687,-0.059680,-0.581036,0.000000
1780041016.254343,0.031608,0.126931,0.001682,0.826231,-0.075877,-0.558198,0.000000
1780041016.561028,0.031315,0.127759,0.000851,0.841551,-0.092982,-0.532115,0.000000
1780041016.867714,0.031063,0.128688,-0.000003,0.856937,-0.109866,-0.503576,0.000000
1780041017.174400,0.030873,0.129714,-0.000934,0.870583,-0.112255,-0.479044,0.000000
1780041017.481086,0.030742,0.130840,-0.001963,0.884642,-0.114144,-0.452084,0.000000
1780041017.787771,0.030597,0.132073,-0.003066,0.898035,-0.108662,-0.426294,0.000000
1780041018.094457,0.030376,0.133401,-0.004137,0.910228,-0.096930,-0.402605,0.000000
1780041018.401143,0.030077,0.134872,-0.005222,0.921701,-0.080065,-0.379548,0.000000
1780041018.707829,0.029745,0.136464,-0.006202,0.931594,-0.057561,-0.358914,0.000000
1780041019.014514,0.029385,0.138190,-0.007064,0.939802,-0.030461,-0.340358,0.000000
1780041019.321200,0.029105,0.140026,-0.007883,0.946267,0.001203,-0.323384,0.000000
1780041019.627886,0.028938,0.141887,-0.008775,0.950598,0.035580,-0.308378,0.000000
1780041019.934572,0.028771,0.143679,-0.009822,0.953357,0.070786,-0.293428,0.000000
1780041020.241257,0.028497,0.145280,-0.010980,0.952765,0.109500,-0.283280,0.000000
1780041020.547943,0.028055,0.146694,-0.012170,0.950880,0.146286,-0.272813,0.000000
1780041020.854629,0.027459,0.147966,-0.013285,0.946734,0.183161,-0.264854,0.000000
1780041021.161314,0.026775,0.149142,-0.014244,0.941971,0.216775,-0.256318,0.000000
1780041021.468000,0.026096,0.150275,-0.015075,0.935657,0.249640,-0.249451,0.000000
1780041021.774686,0.025417,0.151389,-0.015842,0.928684,0.281132,-0.241891,0.000000
1780041022.081372,0.024789,0.152420,-0.016536,0.920905,0.310854,-0.235167,0.000000
1780041022.388057,0.024113,0.153387,-0.017186,0.912014,0.340490,-0.228684,0.000000
1780041022.694743,0.023421,0.154257,-0.017788,0.903060,0.367786,-0.221847,0.000000
1780041023.001429,0.022718,0.154986,-0.018315,0.895099,0.390483,-0.215223,0.000000
1780041023.308114,0.021914,0.155574,-0.018775,0.887313,0.411430,-0.208328,0.000000
1780041023.614800,0.021038,0.155984,-0.019147,0.879660,0.430861,-0.201390,0.000000
1780041023.921486,0.020126,0.156221,-0.019433,0.871825,0.449473,-0.194664,0.000000
1780041024.228171,0.019129,0.156307,-0.019650,0.862388,0.470172,-0.187685,0.000000
1780041024.534857,0.018062,0.156205,-0.019783,0.852041,0.491636,-0.179782,0.000000
1780041024.841543,0.016971,0.155975,-0.019846,0.840971,0.513317,-0.171092,0.000000
1780041025.148229,0.015885,0.155696,-0.019849,0.829089,0.535158,-0.161919,0.000000
1780041025.454914,0.014749,0.155328,-0.019800,0.815838,0.558115,-0.151382,0.000000
1780041025.761600,0.013601,0.154859,-0.019690,0.801598,0.581316,-0.139686,0.000000
1780041026.068286,0.012476,0.154383,-0.019525,0.787095,0.603575,-0.127193,0.000000
1780041026.374971,0.011327,0.153965,-0.019306,0.771996,0.625396,-0.113589,0.000000
1780041026.681657,0.010202,0.153635,-0.019018,0.756967,0.645817,-0.099603,0.000000
1780041026.988343,0.009066,0.153399,-0.018658,0.741408,0.665728,-0.084389,0.000000
1780041027.295029,0.007921,0.153300,-0.018236,0.725305,0.685070,-0.067909,0.000000
1780041027.601714,0.006758,0.153328,-0.017778,0.708580,0.703843,-0.050197,0.000000
1780041027.908400,0.005616,0.153346,-0.017348,0.692964,0.720290,-0.031362,0.000000
1780041028.215086,0.004532,0.153391,-0.016953,0.678211,0.734763,-0.012375,0.000000
1780041028.521771,0.003474,0.153515,-0.016602,0.663769,0.747906,0.006840,-0.000000
1780041028.828457,0.002384,0.153696,-0.016330,0.650690,0.758842,0.027595,-0.000000
1780041029.135143,0.001471,0.153940,-0.016114,0.640340,0.766694,0.046307,-0.000000
1780041029.441829,0.000636,0.154224,-0.015966,0.630794,0.773303,0.064045,-0.000000
1780041029.748514,-0.000118,0.154576,-0.015880,0.621886,0.778910,0.080972,-0.000000
1780041030.055200,-0.000962,0.154949,-0.015888,0.611621,0.784625,0.101408,-0.000000
1780041030.361886,-0.001587,0.155387,-0.015932,0.602959,0.788780,0.119442,-0.000000
1780041030.668571,-0.002105,0.155867,-0.016033,0.594892,0.792108,0.136634,-0.000000
1780041030.975257,-0.002548,0.156389,-0.016187,0.586988,0.794840,0.153864,-0.000000
1780041031.281943,-0.002926,0.156931,-0.016387,0.579254,0.797010,0.170996,-0.000000
1780041031.588629,-0.003361,0.157400,-0.016681,0.572448,0.797712,0.189625,-0.000000
1780041031.895314,-0.003616,0.157897,-0.016974,0.566598,0.797591,0.206920,-0.000000
1780041032.202000,-0.003813,0.158411,-0.017283,0.560786,0.796954,0.224462,-0.000000
1780041032.508686,-0.003989,0.158931,-0.017611,0.554955,0.795770,0.242436,-0.000000
1780041032.815372,-0.004148,0.159383,-0.017975,0.549532,0.794151,0.259497,-0.000000
1780041033.122057,-0.004338,0.159761,-0.018376,0.544330,0.792157,0.276027,-0.000000
1780041033.428743,-0.004478,0.160130,-0.018754,0.540825,0.788683,0.292382,-0.000000
1780041033.735429,-0.004637,0.160444,-0.019135,0.537557,0.784903,0.308154,-0.000000
1780041034.042114,-0.004802,0.160644,-0.019557,0.534488,0.780913,0.323261,-0.000000
1780041034.348800,-0.004998,0.160749,-0.019989,0.531525,0.776630,0.338121,-0.000000
1780041034.655486,-0.005240,0.160746,-0.020424,0.528552,0.771879,0.353320,-0.000000
1780041034.962172,-0.005526,0.160623,-0.020857,0.525426,0.766357,0.369627,-0.000000
1780041035.268857,-0.005818,0.160329,-0.021317,0.521969,0.759399,0.388408,-0.000000
1780041035.575543,-0.006165,0.159901,-0.021766,0.520017,0.749067,0.410465,-0.000000
1780041035.882229,-0.006575,0.159344,-0.022199,0.517959,0.736121,0.435711,-0.000000
1780041036.188914,-0.007045,0.158657,-0.022620,0.515829,0.720074,0.464127,-0.000000
1780041036.495600,-0.007510,0.157804,-0.023070,0.513660,0.700175,0.495891,-0.000000
1780041036.802286,-0.008062,0.156829,-0.023498,0.515926,0.674091,0.528604,-0.000000
1780041037.108972,-0.008694,0.155730,-0.023859,0.519291,0.643325,0.562557,-0.000000
1780041037.415657,-0.009375,0.154528,-0.024137,0.523696,0.608727,0.595982,-0.000000
1780041037.722343,-0.010139,0.153177,-0.024385,0.532465,0.567202,0.628301,-0.000000
1780041038.029029,-0.011011,0.151750,-0.024537,0.542338,0.521511,0.658708,-0.000000
1780041038.335714,-0.012015,0.150236,-0.024638,0.558547,0.474625,0.680262,-0.000000
1780041038.642400,-0.013087,0.148646,-0.024753,0.576658,0.425841,0.697227,-0.000000
1780041038.949086,-0.014141,0.147036,-0.024923,0.599322,0.385340,0.701660,-0.000000
1780041039.255771,-0.015173,0.145444,-0.025200,0.621912,0.347040,0.701989,-0.000000
1780041039.562457,-0.016111,0.143987,-0.025559,0.646560,0.323763,0.690751,-0.000000
1780041039.869143,-0.016917,0.142609,-0.026015,0.669066,0.302362,0.678917,-0.000000
1780041040.175829,-0.017621,0.141332,-0.026495,0.692540,0.292272,0.659519,-0.000000
1780041040.482514,-0.018278,0.140111,-0.026949,0.714643,0.283888,0.639291,-0.000000
1780041040.789200,-0.018934,0.138915,-0.027324,0.735992,0.277959,0.617296,-0.000000
1780041041.095886,-0.019580,0.137671,-0.027639,0.757851,0.275986,0.591179,-0.000000
1780041041.402571,-0.020310,0.136464,-0.027813,0.778700,0.273166,0.564807,-0.000000
1780041041.709257,-0.021182,0.135234,-0.027959,0.803710,0.276514,0.526868,-0.000000
1780041042.015943,-0.022148,0.134135,-0.028058,0.827331,0.279730,0.487109,-0.000000
1780041042.322629,-0.023131,0.133090,-0.028218,0.849475,0.281955,0.445975,-0.000000
1780041042.629314,-0.024139,0.132171,-0.028443,0.869854,0.284678,0.402881,-0.000000
1780041042.936000,-0.025124,0.131417,-0.028712,0.887136,0.285513,0.362590,-0.000000
1780041043.242686,-0.026019,0.130746,-0.029056,0.901144,0.284489,0.327117,-0.000000
1780041043.549371,-0.026817,0.130150,-0.029450,0.912565,0.282708,0.295467,-0.000000
1780041043.856057,-0.027534,0.129634,-0.029880,0.922270,0.280323,0.266153,-0.000000
1780041044.162743,-0.028173,0.129193,-0.030327,0.930435,0.277462,0.239386,-0.000000
1780041044.469429,-0.028696,0.128759,-0.030784,0.936988,0.274056,0.216673,-0.000000
1780041044.776114,-0.029152,0.128353,-0.031260,0.942728,0.270536,0.195127,-0.000000
1780041045.082800,-0.029547,0.127962,-0.031747,0.947824,0.266840,0.174434,-0.000000
1780041045.389486,-0.029877,0.127572,-0.032236,0.952324,0.263011,0.154607,-0.000000
1780041045.696172,-0.030138,0.127171,-0.032716,0.956296,0.259013,0.135682,-0.000000
1780041046.002857,-0.030353,0.126754,-0.033211,0.959442,0.254085,0.122112,-0.000000
1780041046.309543,-0.030530,0.126317,-0.033718,0.962422,0.249010,0.108346,-0.000000
1780041046.616229,-0.030651,0.125833,-0.034205,0.965222,0.243766,0.094466,-0.000000
1780041046.922914,-0.030736,0.125318,-0.034696,0.967893,0.238232,0.080174,-0.000000
1780041047.229600,-0.030792,0.124772,-0.035191,0.970429,0.232336,0.065473,-0.000000
1780041047.536286,-0.030812,0.124180,-0.035674,0.972753,0.225689,0.053070,-0.000000
1780041047.842972,-0.030796,0.123534,-0.036136,0.974942,0.218683,0.040824,-0.000000
1780041048.149657,-0.030754,0.122851,-0.036596,0.977017,0.211299,0.028116,-0.000000
1780041048.456343,-0.030689,0.122134,-0.037051,0.978946,0.203568,0.015026,-0.000000
1780041048.763029,-0.030595,0.121360,-0.037450,0.980744,0.195282,0.002603,-0.000000
1780041049.069714,-0.030485,0.120554,-0.037833,0.982423,0.186488,-0.008210,0.000000
1780041049.376400,-0.030365,0.119720,-0.038198,0.983947,0.177425,-0.019219,0.000000
1780041049.683086,-0.030250,0.118852,-0.038518,0.985295,0.168148,-0.030341,0.000000
1780041049.989772,-0.030143,0.117957,-0.038799,0.986527,0.158467,-0.040658,0.000000
1780041050.296457,-0.030051,0.117051,-0.039066,0.987682,0.148489,-0.049340,0.000000
1780041050.603143,-0.029976,0.116139,-0.039317,0.988670,0.138459,-0.057966,0.000000
1780041050.909829,-0.029921,0.115215,-0.039517,0.989490,0.128393,-0.066513,0.000000
1780041051.216514,-0.029887,0.114301,-0.039721,0.990304,0.118243,-0.072919,0.000000
1780041051.523200,-0.029875,0.113399,-0.039927,0.991146,0.108119,-0.077067,0.000000
1780041051.829886,-0.029882,0.112502,-0.040096,0.991864,0.098117,-0.081107,0.000000
1780041052.136571,-0.029901,0.111623,-0.040259,0.992460,0.088291,-0.085020,0.000000
1780041052.443257,-0.029925,0.110790,-0.040432,0.992900,0.080916,-0.087190,0.000000
1780041052.749943,-0.029951,0.109991,-0.040591,0.993245,0.076414,-0.087328,0.000000
1780041053.056629,-0.029973,0.109229,-0.040720,0.993555,0.072139,-0.087436,0.000000
1780041053.363314,-0.029985,0.108502,-0.040863,0.993836,0.068046,-0.087523,0.000000
1780041053.670000,-0.029736,0.107573,-0.040977,0.994180,0.062690,-0.087618,0.000000
